<assembly>
  <id>distribution</id>
  <formats>
    <format>zip</format>
  </formats>
  <fileSets>
    <fileSet>
      <directory>src</directory>
      <outputDirectory>src</outputDirectory>
    </fileSet>
    <fileSet>
      <directory>doc</directory>
      <outputDirectory>doc</outputDirectory>
    </fileSet>
    <fileSet>
      <directory>test</directory>
      <outputDirectory>test</outputDirectory>
    </fileSet>
    <fileSet>
      <directory>target</directory>
      <outputDirectory>/</outputDirectory>
      <filtered>false</filtered>
      <includes>
	<include>*.jar</include>
      </includes>
    </fileSet>
  </fileSets>
  <files>
    <file>
      <source>pom.xml</source>
    </file>
    <file>
      <source>build.xml</source>
    </file>
    <file>
      <source>readme.txt</source>
      <filtered>true</filtered>
    </file>
    <file>
      <source>changes.txt</source>
    </file>
    <file>
      <source>clojure.iml</source>
    </file>
    <file>
      <source>epl-v10.html</source>
    </file>
  </files>
</assembly>
